{"cameraMode":{"drawMode":0,"name":"Shaded","section":"Shading Mode"},"sceneLighting":true,"audioPlay":false,"sceneViewState":{"m_AlwaysRefresh":false,"showFog":true,"showSkybox":true,"showFlares":true,"showImageEffects":true,"showParticleSystems":true,"showVisualEffectGraphs":true,"m_FxEnabled":true},"in2DMode":false,"pivot":{"x":3.6217639446258547,"y":-4.104977130889893,"z":33.720558166503909},"rotation":{"x":0.26537150144577029,"y":0.039785709232091907,"z":-0.011544262059032917,"w":0.9634521007537842},"size":10.298993110656739,"orthographic":false}