{"cameraMode":{"drawMode":0,"name":"Shaded","section":"Shading Mode"},"sceneLighting":false,"audioPlay":false,"sceneViewState":{"m_AlwaysRefresh":false,"showFog":true,"showSkybox":false,"showFlares":true,"showImageEffects":true,"showParticleSystems":true,"showVisualEffectGraphs":true,"m_FxEnabled":true},"in2DMode":false,"pivot":{"x":3.359999895095825,"y":2.740000009536743,"z":18.440000534057618},"rotation":{"x":-0.21020445227622987,"y":-0.15920349955558778,"z":0.035530198365449908,"w":-0.9641268253326416},"size":0.6928201913833618,"orthographic":false}